{"cameraMode":{"drawMode":0,"name":"Shaded","section":"Shading Mode"},"sceneLighting":true,"audioPlay":false,"sceneViewState":{"m_AlwaysRefresh":false,"showFog":true,"showSkybox":true,"showFlares":true,"showImageEffects":true,"showParticleSystems":true,"showVisualEffectGraphs":true,"m_FxEnabled":true},"in2DMode":false,"pivot":{"x":-1.4365806579589844,"y":-3.255410671234131,"z":0.23513346910476685},"rotation":{"x":-0.061438873410224918,"y":0.026935303583741189,"z":-0.0016586430137977005,"w":-0.9977508783340454},"size":1.362438440322876,"orthographic":false}