{"cameraMode":{"drawMode":0,"name":"Shaded","section":"Shading Mode"},"sceneLighting":true,"audioPlay":false,"sceneViewState":{"m_AlwaysRefresh":false,"showFog":true,"showSkybox":true,"showFlares":true,"showImageEffects":true,"showParticleSystems":true,"showVisualEffectGraphs":true,"m_FxEnabled":true},"in2DMode":false,"pivot":{"x":212.62684631347657,"y":211.9511260986328,"z":71.53498840332031},"rotation":{"x":0.09837570786476135,"y":0.8135241270065308,"z":-0.5547715425491333,"w":0.14425744116306306},"size":10.753315925598145,"orthographic":true}