{"cameraMode":{"drawMode":0,"name":"Shaded","section":"Shading Mode"},"sceneLighting":true,"audioPlay":false,"sceneViewState":{"m_AlwaysRefresh":false,"showFog":true,"showSkybox":true,"showFlares":true,"showImageEffects":true,"showParticleSystems":true,"showVisualEffectGraphs":true,"m_FxEnabled":true},"in2DMode":false,"pivot":{"x":221.3597869873047,"y":114.34854888916016,"z":-149.96322631835938},"rotation":{"x":0.3165307939052582,"y":0.048626843839883807,"z":-0.01626349613070488,"w":0.9472272396087647},"size":13.738234519958496,"orthographic":true}