{"cameraMode":{"drawMode":0,"name":"Shaded","section":"Shading Mode"},"sceneLighting":true,"audioPlay":false,"sceneViewState":{"m_AlwaysRefresh":false,"showFog":true,"showSkybox":true,"showFlares":true,"showImageEffects":true,"showParticleSystems":true,"showVisualEffectGraphs":true,"m_FxEnabled":true},"in2DMode":false,"pivot":{"x":244.16571044921876,"y":15.083972930908204,"z":-6.593511581420898},"rotation":{"x":0.2954571843147278,"y":-0.33294832706451418,"z":0.11070583760738373,"w":0.8885939717292786},"size":127.02725219726563,"orthographic":true}